# 铸造函数和运算符

- [ ] [Cast Functions and Operators](https://dev.mysql.com/doc/refman/8.0/en/cast-functions.html)

## 铸造函数和操作说明

- `CAST(expr AS type [ARRAY])`

    `CAST(timestamp_value AT TIME ZONE timezone_specifier AS DATETIME[(precision)])`

    `timezone_specifier: [INTERVAL] '+00:00' | 'UTC'`

    使用 CAST(expr AS type 语法，CAST() 函数接收任意类型的表达式，并产生指定类型的结果值。此操作也可以表示为 CONVERT(expr,type)，两者是等价的。如果 expr 为 NULL，CAST() 返回 NULL。

    允许使用这些类型值：

  - `BINARY[(N)]`

    生成 VARBINARY 数据类型的字符串，但如果表达式 expr 为空（长度为零），则结果类型为 BINARY(0)。如果给定了可选长度 N，BINARY(N) 将导致使用不超过 N 字节的参数。如果没有给出可选长度 N，MySQL 将根据表达式计算最大长度。如果提供或计算出的长度大于内部阈值，则结果类型为 BLOB。如果长度仍然太长，结果类型就是 LONGBLOB。

    有关转换为 BINARY 对比较的影响，请参见第 11.3.3 节 "[BINARY 和 VARBINARY 类型](https://dev.mysql.com/doc/refman/8.0/en/binary-varbinary.html)"。

  - CHAR[(N)] [charset_info]

    产生 VARCHAR 数据类型的字符串，除非表达式 expr 为空（长度为零），在这种情况下，结果类型为 CHAR(0)。如果给定了可选长度 N，CHAR(N) 将导致使用不超过 N 个字符的参数。对于短于 N 个字符的值，不会进行填充。如果没有给出可选长度 N，MySQL 将根据表达式计算最大长度。如果提供或计算出的长度大于内部阈值，则结果类型为 TEXT。如果长度仍然太长，则结果类型为 LONGTEXT。

    在没有 charset_info 子句的情况下，CHAR 使用默认字符集生成字符串。要明确指定字符集，可以使用以下 charset_info 值：

    - CHARACTER SET charset_name：使用给定的字符集生成字符串。
    - ASCII：CHARACTER SET latin1 的简称。
    - UNICODE： 字符集 ucs2 的简称。

    在所有情况下，字符串都使用字符集默认校对方式。

  - DATE

    生成日期值。

  - DATETIME[(M)]

    生成 DATETIME 值。如果给出了可选的 M 值，它将指定小数秒精度。

  - REAL

    产生 REAL 类型的结果。如果启用了 REAL_AS_FLOAT SQL 模式，结果实际上是 FLOAT；否则结果是 DOUBLE 类型。

  - SIGNED [INTEGER]

    生成带符号的 BIGINT 值。

    `cast( help_table.help_id AS signed )`

  在 MySQL 8.0.17 及更高版本中，InnoDB 允许使用额外的 ARRAY 关键字在 JSON 数组上创建多值索引，作为 CREATE INDEX、CREATE TABLE 和 ALTER TABLE 语句的一部分。不支持 ARRAY，除非在其中一条语句中用于创建多值索引，在这种情况下需要使用 ARRAY。被索引的列必须是 JSON 类型的列。对于 ARRAY，AS 关键字后的类型可以指定 CAST() 支持的任何类型，但二进制、JSON 和年份除外。有关语法信息和示例以及其他相关信息，请参阅多值索引。

  > 注意事项
    CONVERT() 与 CAST() 不同，不支持多值索引创建或 ARRAY 关键字。

  从 MySQL 8.0.22 开始，CAST() 支持使用 AT TIMEZONE 操作符检索以 UTC 为单位的 TIMESTAMP 值。唯一支持的时区是 UTC；可以指定为 "+00:00 "或 "UTC"。该语法支持的唯一返回类型是 DATETIME，精度范围为 0 至 6（含 6）。

  还支持使用时区偏移的 TIMESTAMP 值。

    ```sql
    mysql> SELECT @@system_time_zone;
    +--------------------+
    | @@system_time_zone |
    +--------------------+
    | EDT                |
    +--------------------+
    1 row in set (0.00 sec)

    mysql> CREATE TABLE TZ (c TIMESTAMP);
    Query OK, 0 rows affected (0.41 sec)

    mysql> INSERT INTO tz VALUES
        ->     ROW(CURRENT_TIMESTAMP),
        ->     ROW('2020-07-28 14:50:15+1:00');
    Query OK, 1 row affected (0.08 sec)

    mysql> TABLE tz;
    +---------------------+
    | c                   |
    +---------------------+
    | 2020-07-28 09:22:41 |
    | 2020-07-28 09:50:15 |
    +---------------------+
    2 rows in set (0.00 sec)

    mysql> SELECT CAST(c AT TIME ZONE '+00:00' AS DATETIME) AS u FROM tz;
    +---------------------+
    | u                   |
    +---------------------+
    | 2020-07-28 13:22:41 |
    | 2020-07-28 13:50:15 |
    +---------------------+
    2 rows in set (0.00 sec)

    mysql> SELECT CAST(c AT TIME ZONE 'UTC' AS DATETIME(2)) AS u FROM tz;
    +------------------------+
    | u                      |
    +------------------------+
    | 2020-07-28 13:22:41.00 |
    | 2020-07-28 13:50:15.00 |
    +------------------------+
    2 rows in set (0.00 sec)
    ```
